Next inspection month,Next Inspection year,CYCLE START inspection year,OLD RTLS?,CN,CYCLESTARTDATE,RTLS
OCT,2025,1991,,111675,1991-10-01,000CCC120AC4
OCT,2025,1991,,112113,1991-10-01,000CCC11FC2C
SEP,2025,1991,,110248,1991-09-01,000CCC1201A6
SEP,2025,1991,,110247,1991-09-01,000CCC120326
SEP,2025,1991,,110250,1991-09-01,000CCC12090B
SEP,2025,1991,,110249,1991-09-01,000CCC1206EE
OCT,2025,1991,,110233,1991-10-01,000CCC11D572
OCT,2025,1991,,110232,1991-10-01,000CCC119FEC
NOV,2025,1991,,110196,1991-11-01,000CCC1202C0
NOV,2025,1991,,110195,1991-11-01,000CCC11FEE7
OCT,2025,1991,,111671,1991-10-01,000CCC120683
OCT,2025,1991,,111681,1991-10-01,000CCC11FFC0
